{"ex1": {"mean": 3.519, "var": 2.899}, "ex2": {"hist": "left"}, "ex3": {"sum_2_8": 0.006, "sum_3_7": 0.012, "sum_4_6": 0.018, "sum_5": 0.025}, "ex4": {"mean": 4.999, "var": 2.497, "cov": 0.0}, "ex5": {"hist": "right"}, "ex6": {"max_sum": 6}, "ex7": {"hist": "left-center"}, "ex8": {"hist": "right-most"}, "ex9": {"mean": "increases", "var": "increases", "cov": "stays the same"}, "ex11": {"options": "yes, regardless if the die is fair or not"}, "ex10": {"options": "changing the loaded side from 1 to 6 will yield a higher mean but the same variance"}}